7965 has 2 list pages and 1249 parts, total nr parts is 1254, nItems 246;
4111971;1
4597131;1
4538353;2
474001;2
434601;1
434501;1
9327;1
4510082;1
4510078;1
393701;1
4114319;4
4201062;1
4117070;6
4234365;2
4121972;2
4273526;2
4159553;2
4114026;8
4113917;13
4114084;17
4550324;2
4124067;7
4113993;3
4249019;2
4161734;13
4124460;2
300421;1
4529234;4
302021;2
4611701;3
281721;2
4278275;1
389921;1
613421;1
4140806;2
4119014;2
302123;2
4143005;2
4206482;2
4514553;6
4557157;3
300426;2
4253815;2
4529236;2
4584274;8
4558957;1
4551168;2
4295400;3
4162982;1
302326;60
242026;4
362326;7
243126;1
346026;8
303226;1
244526;1
4569733;6
4277932;13
4258354;2
4282746;1
403226;1
415026;3
9339;1
4548726;1
4510072;1
400626;1
452226;1
4124171;1
368026;3
4517986;1
4218868;6
4121715;37
3005740;2
4163917;2
306543;1
4260426;4
4496699;3
4539102;3
4539090;6
4618986;1
4541506;2
4211206;6
4227505;1
4211388;18
4211564;2
4211428;8
4211386;9
4211394;19
4211393;28
4211795;14
4233493;8
4529241;8
4567448;8
4215472;8
4211440;9
4211466;6
4211716;1
4211848;1
4211848;11
4211860;11
4568637;8
4211437;22
4211614;6
4211494;4
4211410;1
4234535;16
4211570;8
4509914;2
4211519;2
4251163;14
4221589;4
4211414;9
4211353;7
4211413;6
4211429;4
4558169;10
4211396;7
4211356;1
4211445;8
4211395;4
4211549;34
4211452;3
4211481;6
4211451;4
4617460;2
4560929;1
4501853;2
4114306;2
4513706;1
4107623;1
4510084;1
4184169;4
4163373;1
303926;4
486526;3
4124172;1
4498713;3
4124108;1
4124073;2
4631648;1
4221886;1
4221771;1
4499888;1
4277666;1
4211522;2
4211364;3
4211752;4
4631431;1
4211158;1
4211407;2
4211360;1
4166618;1
4211405;1
4211401;2
4211733;5
4598522;2
4277927;2
4244627;4
4535738;62
4613165;4
4211759;2
4211732;1
4211735;1
4211794;2
4211791;2
4211480;9
4208988;12
4209006;12
4282789;3
4282786;3
4507056;6
4211617;2
4211616;2
4211352;1
4211796;1
4625582;2
4211520;1
4268343;3
4585429;1
4629798;1
4221775;7
4211628;8
4211658;3
4595836;1
4597901;4
4540203;3
4520320;4
4211610;4
4211714;2
4211483;8
4211815;4
4558955;2
4210636;4
4210725;2
4210718;13
4256828;4
4540386;2
4535930;3
4493478;1
4221879;1
4211063;5
4211052;8
4211043;46
4211001;8
4211053;2
4211065;14
4211056;9
4243831;8
4211002;17
4211115;1
4211134;4
4211061;1
4211069;3
4587212;2
4210631;20
4603504;5
4211129;2
4521187;36
4217558;2
4263176;2
4595710;14
4210633;5
4527082;1
4212075;8
4222042;8
4520307;1
4211039;1
4210676;2
4582820;4
4549886;2
4210815;2
4211474;4
4211462;3
4514846;1
4569757;1
4630107;1
4211713;2
4526985;2
4210998;2
4505068;1
4210690;2
4570704;1
4569754;1
4568731;1
4624850;1
;
4624849;1
4631480;1
4631449;1
4548731;3
;
;
;
3032;-1
